"hydro2","hydro3"
"A2332110","A234021001"
"A3301010","A330010001"
"A3832010","A373020001"
"A4050620","A405062001"
"A4200630","A420063001"
"A4250640","A443064001"
"A5261010","A526102003"
"A5431010","A543101001"
"A6051020","A605102001"
"A7881010","A788101001"
"A9091050","A909106050"
"A9132050","A919205040"
"A9352050","A926000101"
"B2220010","B222001001"
"B4631010","B463101001"
"B5322010","B532201001"
"E4306010","E430601001"
"G2011010","G206021010"
"H0100010","H010001001"
"H0100020","H010002001"
"H0321030","H032103001"
"H2062010","H206201001"
"H2073110","H207311001"
"H2122010","H212201001"
"H3621010","F439000101"
"H4223110","F462000101"
"H4252010","F467000101"
"H5172010","H517201001"
"H6201010","H620101001"
"H7021010","H702101001"
"H7033010","H703301001"
"H7401010","H740101001"
"H7833520","H224000502"
"H9021010","H403021010"
"I0011010","H602021010"
"J0144010","J014401001"
"J0323010","J032301001"
"J0626610","J062661001"
"J2603010","J260301001"
"J2723010","J272301001"
"J3024010","J302401001"
"J3205710","J320571001"
"J4214510","J421451001"
"J4224010","J422401001"
"J4514010","J451401001"
"J4614010","J461401001"
"J5613010","J561301001"
"J5704810","J570481001"
"J7353010","J735301001"
"J7483010","J748301001"
"J7824010","J782401001"
"J7973010","J797301001"
"J8363110","J836311001"
"J8602410","J860241001"
"K0403010","K040301001"
"K0454010","K045401001"
"K0523010","K053000101"
"K0567520","K056752001"
"K0673310","K067331001"
"K1284810","K128481001"
"K1341810","K134181001"
"K1383010","K138301001"
"K1724210","K172421001"
"K2363010","K236301001"
"K2514010","K251401001"
"K2523010","K252301001"
"K2593010","K259301001"
"K2644010","K264401001"
"K2871910","K287191001"
"K3264010","K326401002"
"K3374710","K337471001"
"K5183010","K518302002"
"K5200910","K520090201"
"K5653010","K565301001"
"K6492510","K649251001"
"K7312610","K731261001"
"K7514010","K751401001"
"L0010610","L001061001"
"L0314010","L031401001"
"L0563010","L056301001"
"L0813010","L081301001"
"L2443010","L244301001"
"L4010710","L401071001"
"L4033010","L403301001"
"L4220710","L422071001"
"L4321710","L440000101"
"L4411710","L441171001"
"L5034010","L503401001"
"L5101810","L510181001"
"L5134010","L513401001"
"L5223020","L522302001"
"L7000610","L700061001"
"M1213010","M121301010"
"M1354020","M135401010"
"M3323010","M332301010"
"M3423010","M342301010"
"M5102010","M510201010"
"M5222010","M522201010"
"M6013010","M601301010"
"M6323010","M632301010"
"M6333020","M633302010"
"M7112410","M711241010"
"M8205020","M820502010"
"N3001610","N300161010"
"N3024010","N302401010"
"N3113010","N311301010"
"O0015310","O001531001"
"O0384010","O038401001"
"O0554010","O055401001"
"O0624010","O062401001"
"O1076010","O107000101"
"O1464010","O146401001"
"O1584610","O158461001"
"O2725010","O272000201"
"O3006710","O300671001"
"O3011010","O301101001"
"O3031010","O303101001"
"O3035210","O303521001"
"O3121010","O312102002"
"O3364010","O336402101"
"O3454310","O345431001"
"O3471010","O347000101"
"O4102510","O400101101"
"O4704030","O470403001"
"O5042510","O504251002"
"O5055010","O505501001"
"O5224010","O522401001"
"O5284310","O528431002"
"O5312910","O531291001"
"O5344010","O534000101"
"O5464310","O546431001"
"O6804630","O680000201"
"O7041510","O704000101"
"O7354010","O745000301"
"O7404010","O740401001"
"O7444010","O754000201"
"O8113510","O811351001"
"P0115010","P011501001"
"P0115020","P011501101"
"P0364010","P036000101"
"P0885010","P088501001"
"P1422510","P142251001"
"P1502510","P150000101"
"P2484010","P248401001"
"P3021010","P302000101"
"P3234010","P323401001"
"P3264310","P326431001"
"P4271010","P427101001"
"P5404010","P540401001"
"P5715010","P571501001"
"P8012510","P801251001"
"Q0214010","Q021401001"
"Q0522520","Q052252001"
"Q5501010","Q550101001"
"Q6142910","Q614292001"
"Q7002910","Q700291001"
"Q7322510","Q732252002"
"Q9164610","Q916461001"
"S2224610","S222461001"
"S2235610","S223561001"
"S2242510","S224251001"
"U0415010","U041501001"
"U0474010","U047401001"
"U1004010","U100401001"
"U1054010","U105401001"
"U1084010","U108401001"
"U1224010","U122401001"
"U1224020","U122402001"
"U1235020","U123502001"
"U1324010","U132401001"
"U2356610","U235661001"
"U2615830","U261583001"
"U2634010","U263401001"
"U2722010","U272201001"
"U3214010","U321401001"
"U4014010","U401401001"
"U4204010","U420401001"
"U4235010","U423501001"
"U4624010","U462401001"
"U4635010","U463501001"
"U4644010","U464401001"
"V0222010","V022000201"
"V1015010","V101501001"
"V1015030","V101503001"
"V1214010","V121401001"
"V1255010","V125501001"
"V1264010","V126402301"
"V1774010","V177401001"
"V2202010","V220611101"
"V2206010","V220601001"
"V2322010","V232201001"
"V2414010","V241401001"
"V4145210","V414521001"
"V4225010","V422501001"
"V4275010","V427501001"
"V4414010","V441401001"
"V4455010","V445501001"
"V5324010","V532401001"
"V5425210","V542521001"
"V7115010","V711501001"
"V7135010","V713501001"
"X0130010","X013001001"
"X0310010","X031001001"
"X0434010","X043401001"
"X0454010","X045401001"
"X0500010","X050551301"
"X1130010","X113000101"
"X1225010","X122501001"
"X2202010","X220202201"
"Y0115410","Y011541001"
"Y0245210","Y024521001"
"Y0655010","Y065501001"
"Y1012010","Y101202101"
"Y1105010","Y110501001"
"Y1232010","Y123201002"
"Y2015010","Y201002001"
"Y2035010","Y203002001"
"Y2214010","Y221001001"
"Y4002010","Y400201001"
"Y4615020","Y461502001"
"Y4624010","Y462401001"
"Y5215020","Y521502001"
"Y6042010","Y604201001"
"Y6432010","Y624000101"
"Y6434010","Y643401001"
"Y6614010","Y661401001"
"Y7315010","Y731000301"
"K4443010","K444301001"
"M0243010","M024301010"
"P1114010","P115000101"
"Y9315010","Y931000101"
